date;prices;returns
18/07/2010;0.09;
19/07/2010;0.08;-0.117783036
20/07/2010;0.07;-0.133531393
21/07/2010;0.08;0.133531393
22/07/2010;0.05;-0.470003629
23/07/2010;0.06;0.182321557
24/07/2010;0.05;-0.182321557
25/07/2010;0.05;0
26/07/2010;0.06;0.182321557
27/07/2010;0.06;0
28/07/2010;0.06;0
29/07/2010;0.07;0.15415068
30/07/2010;0.06;-0.15415068
31/07/2010;0.07;0.15415068
01/08/2010;0.06;-0.15415068
02/08/2010;0.06;0
03/08/2010;0.06;0
04/08/2010;0.06;0
05/08/2010;0.06;0
06/08/2010;0.06;0
07/08/2010;0.06;0
08/08/2010;0.06;0
09/08/2010;0.07;0.15415068
10/08/2010;0.07;0
11/08/2010;0.07;0
12/08/2010;0.07;0
13/08/2010;0.06;-0.15415068
14/08/2010;0.07;0.15415068
15/08/2010;0.07;0
16/08/2010;0.07;0
17/08/2010;0.07;0
18/08/2010;0.07;0
19/08/2010;0.07;0
20/08/2010;0.07;0
21/08/2010;0.07;0
22/08/2010;0.07;0
23/08/2010;0.06;-0.15415068
24/08/2010;0.06;0
25/08/2010;0.06;0
26/08/2010;0.06;0
27/08/2010;0.06;0
28/08/2010;0.06;0
29/08/2010;0.06;0
30/08/2010;0.06;0
31/08/2010;0.06;0
01/09/2010;0.06;0
02/09/2010;0.06;0
03/09/2010;0.06;0
04/09/2010;0.06;0
05/09/2010;0.06;0
06/09/2010;0.06;0
07/09/2010;0.06;0
08/09/2010;0.06;0
09/09/2010;0.06;0
10/09/2010;0.06;0
11/09/2010;0.06;0
12/09/2010;0.06;0
13/09/2010;0.06;0
14/09/2010;0.06;0
15/09/2010;0.06;0
16/09/2010;0.06;0
17/09/2010;0.06;0
18/09/2010;0.06;0
19/09/2010;0.06;0
20/09/2010;0.06;0
21/09/2010;0.06;0
22/09/2010;0.06;0
23/09/2010;0.06;0
24/09/2010;0.06;0
25/09/2010;0.06;0
26/09/2010;0.06;0
27/09/2010;0.06;0
28/09/2010;0.06;0
29/09/2010;0.06;0
30/09/2010;0.06;0
01/10/2010;0.06;0
02/10/2010;0.06;0
03/10/2010;0.06;0
04/10/2010;0.06;0
05/10/2010;0.06;0
06/10/2010;0.06;0
07/10/2010;0.07;0.15415068
08/10/2010;0.09;0.251314428
09/10/2010;0.09;0
10/10/2010;0.1;0.105360516
11/10/2010;0.09;-0.105360516
12/10/2010;0.09;0
13/10/2010;0.1;0.105360516
14/10/2010;0.1;0
15/10/2010;0.1;0
16/10/2010;0.1;0
17/10/2010;0.1;0
18/10/2010;0.1;0
19/10/2010;0.1;0
20/10/2010;0.1;0
21/10/2010;0.11;0.09531018
22/10/2010;0.1;-0.09531018
23/10/2010;0.11;0.09531018
24/10/2010;0.11;0
25/10/2010;0.13;0.167054085
26/10/2010;0.15;0.143100844
27/10/2010;0.19;0.236388778
28/10/2010;0.17;-0.111225635
29/10/2010;0.19;0.111225635
30/10/2010;0.2;0.051293294
31/10/2010;0.19;-0.051293294
01/11/2010;0.2;0.051293294
02/11/2010;0.19;-0.051293294
03/11/2010;0.19;0
04/11/2010;0.23;0.191055237
05/11/2010;0.26;0.122602322
06/11/2010;0.39;0.405465108
07/11/2010;0.34;-0.137201122
08/11/2010;0.24;-0.348306694
09/11/2010;0.21;-0.133531393
10/11/2010;0.24;0.133531393
11/11/2010;0.22;-0.087011377
12/11/2010;0.27;0.204794413
13/11/2010;0.28;0.036367644
14/11/2010;0.28;0
15/11/2010;0.27;-0.036367644
16/11/2010;0.22;-0.204794413
17/11/2010;0.23;0.044451763
18/11/2010;0.27;0.16034265
19/11/2010;0.28;0.036367644
20/11/2010;0.28;0
21/11/2010;0.28;0
22/11/2010;0.29;0.03509132
23/11/2010;0.28;-0.03509132
24/11/2010;0.28;0
25/11/2010;0.28;0
26/11/2010;0.28;0
27/11/2010;0.28;0
28/11/2010;0.27;-0.036367644
29/11/2010;0.23;-0.16034265
30/11/2010;0.21;-0.090971778
01/12/2010;0.23;0.090971778
02/12/2010;0.25;0.083381609
03/12/2010;0.25;0
04/12/2010;0.2;-0.223143551
05/12/2010;0.19;-0.051293294
06/12/2010;0.2;0.051293294
07/12/2010;0.23;0.139761942
08/12/2010;0.24;0.042559614
09/12/2010;0.2;-0.182321557
10/12/2010;0.2;0
11/12/2010;0.23;0.139761942
12/12/2010;0.22;-0.044451763
13/12/2010;0.23;0.044451763
14/12/2010;0.25;0.083381609
15/12/2010;0.24;-0.040821995
16/12/2010;0.25;0.040821995
17/12/2010;0.24;-0.040821995
18/12/2010;0.24;0
19/12/2010;0.24;0
20/12/2010;0.27;0.117783036
21/12/2010;0.24;-0.117783036
22/12/2010;0.25;0.040821995
23/12/2010;0.25;0
24/12/2010;0.25;0
25/12/2010;0.25;0
26/12/2010;0.26;0.039220713
27/12/2010;0.26;0
28/12/2010;0.28;0.074107972
29/12/2010;0.3;0.068992871
30/12/2010;0.3;0
31/12/2010;0.3;0
01/01/2011;0.3;0
02/01/2011;0.3;0
03/01/2011;0.29;-0.033901552
04/01/2011;0.3;0.033901552
05/01/2011;0.3;0
06/01/2011;0.3;0
07/01/2011;0.32;0.064538521
08/01/2011;0.32;0
09/01/2011;0.32;0
10/01/2011;0.33;0.030771659
11/01/2011;0.33;0
12/01/2011;0.32;-0.030771659
13/01/2011;0.32;0
14/01/2011;0.4;0.223143551
15/01/2011;0.39;-0.025317808
16/01/2011;0.39;0
17/01/2011;0.35;-0.108213585
18/01/2011;0.31;-0.121360857
19/01/2011;0.31;0
20/01/2011;0.39;0.229574442
21/01/2011;0.42;0.074107972
22/01/2011;0.44;0.046520016
23/01/2011;0.44;0
24/01/2011;0.42;-0.046520016
25/01/2011;0.41;-0.024097552
26/01/2011;0.42;0.024097552
27/01/2011;0.42;0
28/01/2011;0.45;0.068992871
29/01/2011;0.44;-0.022472856
30/01/2011;0.48;0.087011377
31/01/2011;0.52;0.080042708
01/02/2011;0.7;0.297251523
02/02/2011;0.72;0.028170877
03/02/2011;0.69;-0.042559614
04/02/2011;0.81;0.16034265
05/02/2011;0.92;0.127339422
06/02/2011;0.9;-0.021978907
07/02/2011;0.89;-0.011173301
08/02/2011;0.92;0.033152207
09/02/2011;1.09;0.169559305
10/02/2011;0.98;-0.106380404
11/02/2011;1.07;0.087861356
12/02/2011;1.08;0.009302393
13/02/2011;1.05;-0.028170877
14/02/2011;1.07;0.018868484
15/02/2011;1.05;-0.018868484
16/02/2011;1.04;-0.009569451
17/02/2011;1.04;0
18/02/2011;0.9;-0.144581229
19/02/2011;0.95;0.054067221
20/02/2011;0.85;-0.111225635
21/02/2011;0.83;-0.023810649
22/02/2011;0.87;0.047067511
23/02/2011;0.9;0.033901552
24/02/2011;1;0.105360516
25/02/2011;0.91;-0.094310679
26/02/2011;0.96;0.053488685
27/02/2011;0.89;-0.075711822
28/02/2011;0.86;-0.034289073
01/03/2011;0.92;0.067441281
02/03/2011;0.94;0.021506205
03/03/2011;0.94;0
04/03/2011;0.9;-0.043485112
05/03/2011;0.91;0.011049836
06/03/2011;0.9;-0.011049836
07/03/2011;0.88;-0.022472856
08/03/2011;0.87;-0.011428696
09/03/2011;0.86;-0.011560822
10/03/2011;0.93;0.078252197
11/03/2011;0.88;-0.055262679
12/03/2011;0.92;0.044451763
13/03/2011;0.89;-0.033152207
14/03/2011;0.89;0
15/03/2011;0.87;-0.022728251
16/03/2011;0.86;-0.011560822
17/03/2011;0.83;-0.035506688
18/03/2011;0.82;-0.012121361
19/03/2011;0.76;-0.075985907
20/03/2011;0.74;-0.026668247
21/03/2011;0.76;0.026668247
22/03/2011;0.81;0.063715814
23/03/2011;0.85;0.048202102
24/03/2011;0.87;0.023256862
25/03/2011;0.88;0.011428696
26/03/2011;0.86;-0.022989518
27/03/2011;0.82;-0.047628049
28/03/2011;0.8;-0.024692613
29/03/2011;0.79;-0.012578782
30/03/2011;0.79;0
31/03/2011;0.78;-0.012739026
01/04/2011;0.77;-0.012903405
02/04/2011;0.78;0.012903405
03/04/2011;0.78;0
04/04/2011;0.68;-0.137201122
05/04/2011;0.71;0.043172172
06/04/2011;0.74;0.041385216
07/04/2011;0.75;0.01342302
08/04/2011;0.75;0
09/04/2011;0.73;-0.027028672
10/04/2011;0.74;0.013605652
11/04/2011;0.77;0.039740329
12/04/2011;0.86;0.110541874
13/04/2011;0.92;0.067441281
14/04/2011;1;0.083381609
15/04/2011;0.99;-0.010050336
16/04/2011;1.05;0.0588405
17/04/2011;1.11;0.055569851
18/04/2011;1.16;0.04405999
19/04/2011;1.2;0.033901552
20/04/2011;1.14;-0.051293294
21/04/2011;1.21;0.059592097
22/04/2011;1.41;0.152969345
23/04/2011;1.7;0.187038547
24/04/2011;1.63;-0.042048236
25/04/2011;1.56;-0.043894194
26/04/2011;1.79;0.137529799
27/04/2011;1.9;0.059638266
28/04/2011;2.21;0.151138629
29/04/2011;2.88;0.264797779
30/04/2011;3.5;0.194972674
01/05/2011;3.03;-0.144200349
02/05/2011;3.2;0.05458819
03/05/2011;3.41;0.063561481
04/05/2011;3.41;0
05/05/2011;3.33;-0.023739987
06/05/2011;3.45;0.035401927
07/05/2011;3.64;0.053609451
08/05/2011;3.87;0.061270825
09/05/2011;3.8;-0.01825344
10/05/2011;5.81;0.424579504
11/05/2011;5.5;-0.054832479
12/05/2011;6.3;0.135801541
13/05/2011;8.2;0.263584521
14/05/2011;7.2;-0.130053128
15/05/2011;6.99;-0.02960047
16/05/2011;8.03;0.138703972
17/05/2011;7.19;-0.110493356
18/05/2011;6.88;-0.04407252
19/05/2011;6.8;-0.01169604
20/05/2011;5.59;-0.195943325
21/05/2011;6.12;0.090582809
22/05/2011;6.69;0.089051778
23/05/2011;7.15;0.066498483
24/05/2011;7.42;0.0370667
25/05/2011;8.4;0.124052649
26/05/2011;8.8;0.046520016
27/05/2011;8.5;-0.034685558
28/05/2011;8.3;-0.023810649
29/05/2011;8.43;0.015541257
30/05/2011;8.8;0.042954949
31/05/2011;8.74;-0.006841532
01/06/2011;9.57;0.090723016
02/06/2011;10.6;0.102220796
03/06/2011;14.29;0.298705991
04/06/2011;18.89;0.27907269
05/06/2011;16.7;-0.123223962
06/06/2011;18.55;0.10506107
07/06/2011;23.92;0.25424514
08/06/2011;29.6;0.213059432
09/06/2011;28.92;-0.023240964
10/06/2011;23.95;-0.188565073
11/06/2011;14.65;-0.491527988
12/06/2011;18.55;0.236029454
13/06/2011;19.84;0.067230313
14/06/2011;19.28;-0.028631813
15/06/2011;19.49;0.010833224
16/06/2011;17;-0.136688169
17/06/2011;15.68;-0.080827329
18/06/2011;16.89;0.074335716
19/06/2011;17.51;0.036050415
20/06/2011;17.51;0
21/06/2011;17.51;0
22/06/2011;17.51;0
23/06/2011;17.51;0
24/06/2011;17.51;0
25/06/2011;17.51;0
26/06/2011;16.45;-0.062446669
27/06/2011;16.75;0.018072781
28/06/2011;16.95;0.011869576
29/06/2011;16.84;-0.006510825
30/06/2011;16.1;-0.044937737
01/07/2011;15.4;-0.044451763
02/07/2011;15.4;0
03/07/2011;15.44;0.002594035
04/07/2011;13.86;-0.107954551
05/07/2011;12.91;-0.071004789
06/07/2011;14.78;0.135272711
07/07/2011;14.78;0
08/07/2011;14.31;-0.032316322
09/07/2011;14.38;0.004879759
10/07/2011;14.9;0.035522861
11/07/2011;14.21;-0.047415271
12/07/2011;14.01;-0.014174582
13/07/2011;13.95;-0.004291852
14/07/2011;13.99;0.00286328
15/07/2011;13.81;-0.012949821
16/07/2011;13.72;-0.006538345
17/07/2011;13.16;-0.041672696
18/07/2011;13.48;0.02402518
19/07/2011;13.85;0.027078127
20/07/2011;13.69;-0.011619593
21/07/2011;13.61;-0.005860823
22/07/2011;13.7;0.006591016
23/07/2011;13.68;-0.001460921
24/07/2011;13.98;0.021692825
25/07/2011;14.05;0.004994659
26/07/2011;13.88;-0.012173441
27/07/2011;13.94;0.00431345
28/07/2011;13.49;-0.032813735
29/07/2011;13.5;0.000741015
30/07/2011;13.53;0.002219757
31/07/2011;13.35;-0.013393057
01/08/2011;13.09;-0.019667805
02/08/2011;12.05;-0.08278392
03/08/2011;9.26;-0.263360611
04/08/2011;10.75;0.149201706
05/08/2011;9.8;-0.092523369
06/08/2011;6.55;-0.402917336
07/08/2011;7.9;0.18739771
08/08/2011;7.8;-0.012739026
09/08/2011;9.99;0.247460859
10/08/2011;9.98;-0.001001502
11/08/2011;9.46;-0.053510707
12/08/2011;9.46;0
13/08/2011;10.13;0.068428935
14/08/2011;10.8;0.064044816
15/08/2011;11.15;0.031893364
16/08/2011;10.96;-0.017187216
17/08/2011;10.95;-0.000912825
18/08/2011;10.83;-0.011019395
19/08/2011;11.65;0.072986119
20/08/2011;11.45;-0.01731645
21/08/2011;11.31;-0.01230244
22/08/2011;10.89;-0.037842353
23/08/2011;10.94;0.00458086
24/08/2011;10.85;-0.008260717
25/08/2011;9.66;-0.116171432
26/08/2011;8.18;-0.166301498
27/08/2011;8.59;0.048906585
28/08/2011;9.07;0.054373528
29/08/2011;8.97;-0.011086588
30/08/2011;8.79;-0.020270964
31/08/2011;8.2;-0.069480557
01/09/2011;8.21;0.001218769
02/09/2011;8.64;0.051049659
03/09/2011;8.48;-0.018692133
04/09/2011;8.18;-0.036018299
05/09/2011;7.61;-0.072228979
06/09/2011;6.86;-0.10375573
07/09/2011;7.19;0.04698373
08/09/2011;6.53;-0.096284228
09/09/2011;5.03;-0.260986959
10/09/2011;4.77;-0.053073679
11/09/2011;5.86;0.205803299
12/09/2011;6.08;0.036855092
13/09/2011;5.8;-0.047146778
14/09/2011;5.62;-0.031526254
15/09/2011;4.84;-0.149416943
16/09/2011;4.82;-0.004140793
17/09/2011;4.77;-0.010427623
18/09/2011;5.2;0.086312321
19/09/2011;5.46;0.048790164
20/09/2011;6.11;0.112477983
21/09/2011;5.61;-0.085376054
22/09/2011;5.43;-0.032611586
23/09/2011;5.55;0.021858794
24/09/2011;5.47;-0.014519311
25/09/2011;5.33;-0.025927378
26/09/2011;4.87;-0.090257301
27/09/2011;4.92;0.010214593
28/09/2011;4.77;-0.030962226
29/09/2011;4.78;0.002094242
30/09/2011;5.14;0.072612533
01/10/2011;5.03;-0.021633095
02/10/2011;5.03;0
03/10/2011;5.02;-0.00199005
04/10/2011;4.96;-0.012024193
05/10/2011;4.87;-0.018311804
06/10/2011;4.73;-0.029168735
07/10/2011;4.27;-0.102311375
08/10/2011;4.01;-0.062822586
09/10/2011;4.1;0.022195732
10/10/2011;4.1;0
11/10/2011;3.93;-0.042347548
12/10/2011;4.15;0.054468908
13/10/2011;4.05;-0.024391453
14/10/2011;3.99;-0.01492565
15/10/2011;3.84;-0.038318864
16/10/2011;3.56;-0.075711822
17/10/2011;2.56;-0.329753286
18/10/2011;2.42;-0.056239718
19/10/2011;2.27;-0.063987709
20/10/2011;2.35;0.034635497
21/10/2011;2.57;0.089490571
22/10/2011;3.16;0.206666129
23/10/2011;3.17;0.00315956
24/10/2011;2.54;-0.221567507
25/10/2011;2.77;0.086683239
26/10/2011;2.77;0
27/10/2011;3.04;0.093010195
28/10/2011;3.19;0.048163401
29/10/2011;3.58;0.115341884
30/10/2011;3.27;-0.090572816
31/10/2011;3.25;-0.006134989
01/11/2011;3.15;-0.031252544
02/11/2011;3.25;0.031252544
03/11/2011;3.15;-0.031252544
04/11/2011;3.11;-0.012779727
05/11/2011;2.97;-0.046060773
06/11/2011;2.96;-0.003372684
07/11/2011;3.01;0.01675081
08/11/2011;3.03;0.006622541
09/11/2011;2.95;-0.026757449
10/11/2011;2.84;-0.038001118
11/11/2011;3.08;0.081125545
12/11/2011;3.03;-0.016366977
13/11/2011;3;-0.009950331
14/11/2011;2.22;-0.301105093
15/11/2011;2.33;0.048361072
16/11/2011;2.56;0.094138991
17/11/2011;2.25;-0.129077042
18/11/2011;2.05;-0.093090423
19/11/2011;2.2;0.070617567
20/11/2011;2.2;0
21/11/2011;2.29;0.040094457
22/11/2011;2.33;0.01731645
23/11/2011;2.33;0
24/11/2011;2.43;0.04202299
25/11/2011;2.51;0.032391496
26/11/2011;2.47;-0.016064603
27/11/2011;2.48;0.00404041
28/11/2011;2.55;0.027834799
29/11/2011;2.75;0.075507553
30/11/2011;2.97;0.076961041
01/12/2011;3.06;0.029852963
02/12/2011;3.12;0.019418086
03/12/2011;2.79;-0.111791406
04/12/2011;2.83;0.014235116
05/12/2011;2.88;0.017513582
06/12/2011;3.03;0.050772325
07/12/2011;2.99;-0.013289232
08/12/2011;2.98;-0.003350087
09/12/2011;2.97;-0.003361348
10/12/2011;3.05;0.026579638
11/12/2011;3.25;0.063513406
12/12/2011;3.13;-0.037621992
13/12/2011;3.25;0.037621992
14/12/2011;3.15;-0.031252544
15/12/2011;3.2;0.015748357
16/12/2011;3.2;0
17/12/2011;3.2;0
18/12/2011;3.19;-0.003129893
19/12/2011;3.52;0.098440073
20/12/2011;3.95;0.115254589
21/12/2011;3.89;-0.015306421
22/12/2011;3.89;0
23/12/2011;3.95;0.015306421
24/12/2011;3.94;-0.002534856
25/12/2011;4.22;0.068654405
26/12/2011;4.02;-0.048553225
27/12/2011;4.07;0.012361097
28/12/2011;4.19;0.029057734
29/12/2011;4.17;-0.004784698
30/12/2011;4.25;0.019002947
31/12/2011;4.72;0.104889817
01/01/2012;5.27;0.110221563
02/01/2012;5.22;-0.009532961
03/01/2012;4.88;-0.067352182
04/01/2012;5.57;0.132249834
05/01/2012;6.95;0.221346606
06/01/2012;6.7;-0.036634133
07/01/2012;6.81;0.016284594
08/01/2012;7.11;0.043110124
09/01/2012;6.33;-0.116202008
10/01/2012;6.36;0.004728141
11/01/2012;6.9;0.081493034
12/01/2012;6.8;-0.014598799
13/01/2012;6.41;-0.059063341
14/01/2012;6.75;0.051683234
15/01/2012;7;0.036367644
16/01/2012;6.68;-0.046792162
17/01/2012;5.6;-0.17635139
18/01/2012;5.92;0.055569851
19/01/2012;6.36;0.071691928
20/01/2012;6.49;0.020234153
21/01/2012;6.18;-0.048944259
22/01/2012;6.31;0.020817405
23/01/2012;6.36;0.007892701
24/01/2012;6.29;-0.011067307
25/01/2012;5.75;-0.089761216
26/01/2012;5.34;-0.073974202
27/01/2012;5.29;-0.009407407
28/01/2012;5.63;0.062291196
29/01/2012;5.38;-0.045421068
30/01/2012;5.49;0.020239881
31/01/2012;5.48;-0.001823155
01/02/2012;6.08;0.103899595
02/02/2012;6.1;0.003284075
03/02/2012;5.96;-0.02321829
04/02/2012;5.87;-0.015215847
05/02/2012;5.69;-0.031144386
06/02/2012;5.45;-0.043094639
07/02/2012;5.69;0.043094639
08/02/2012;5.6;-0.01594365
09/02/2012;5.83;0.040250403
10/02/2012;5.91;0.013628831
11/02/2012;5.6;-0.053879234
12/02/2012;5.51;-0.016201975
13/02/2012;5.26;-0.046433596
14/02/2012;4.46;-0.164982261
15/02/2012;4.33;-0.029581224
16/02/2012;4.27;-0.013953715
17/02/2012;4.41;0.032260862
18/02/2012;4.22;-0.044039561
19/02/2012;4.39;0.039494099
20/02/2012;4.36;-0.00685717
21/02/2012;4.27;-0.02085823
22/02/2012;4.42;0.034525869
23/02/2012;5.01;0.125296219
24/02/2012;5.03;0.003984069
25/02/2012;4.77;-0.053073679
26/02/2012;4.92;0.030962226
27/02/2012;4.96;0.00809721
28/02/2012;4.87;-0.018311804
29/02/2012;4.86;-0.002055499
01/03/2012;4.92;0.012270093
02/03/2012;4.7;-0.045746022
03/03/2012;4.61;-0.019334652
04/03/2012;4.82;0.044546071
05/03/2012;4.98;0.032655963
06/03/2012;4.99;0.002006019
07/03/2012;4.94;-0.010070579
08/03/2012;4.93;-0.002026343
09/03/2012;4.86;-0.01430055
10/03/2012;4.83;-0.00619197
11/03/2012;4.91;0.016427474
12/03/2012;4.89;-0.004081638
13/03/2012;5.27;0.074838059
14/03/2012;5.38;0.020658012
15/03/2012;5.33;-0.009337136
16/03/2012;5.34;0.001874415
17/03/2012;5.22;-0.022728251
18/03/2012;5.28;0.011428696
19/03/2012;4.69;-0.118493515
20/03/2012;4.84;0.031482138
21/03/2012;4.81;-0.006217637
22/03/2012;4.7;-0.023134575
23/03/2012;4.69;-0.002129926
24/03/2012;4.68;-0.002134473
25/03/2012;4.55;-0.028170877
26/03/2012;4.62;0.015267472
27/03/2012;4.81;0.040302379
28/03/2012;4.79;-0.004166673
29/03/2012;4.81;0.004166673
30/03/2012;4.86;0.010341354
31/03/2012;4.91;0.010235504
01/04/2012;4.83;-0.016427474
02/04/2012;4.97;0.028573372
03/04/2012;4.95;-0.004032264
04/04/2012;4.91;-0.008113635
05/04/2012;4.92;0.002034589
06/04/2012;4.95;0.006079046
07/04/2012;4.69;-0.053954994
08/04/2012;4.79;0.021097829
09/04/2012;4.87;0.016563526
10/04/2012;4.84;-0.006179216
11/04/2012;4.93;0.018424267
12/04/2012;4.92;-0.002030458
13/04/2012;4.94;0.004056801
14/04/2012;4.96;0.00404041
15/04/2012;4.97;0.002014099
16/04/2012;4.93;-0.008080852
17/04/2012;4.98;0.010090903
18/04/2012;5.12;0.027724548
19/04/2012;5.14;0.00389864
20/04/2012;5.35;0.040043481
21/04/2012;5.26;-0.016965534
22/04/2012;5.2;-0.011472401
23/04/2012;4.96;-0.047252885
24/04/2012;5.1;0.027834799
25/04/2012;5.13;0.005865119
26/04/2012;5.1;-0.005865119
27/04/2012;5.11;0.001958864
28/04/2012;4.98;-0.025769513
29/04/2012;4.9;-0.016194686
30/04/2012;4.95;0.010152371
01/05/2012;5;0.010050336
02/05/2012;5.07;0.013902905
03/05/2012;5.13;0.011764842
04/05/2012;5.07;-0.011764842
05/05/2012;5.08;0.001970444
06/05/2012;5.05;-0.005923018
07/05/2012;5.06;0.00197824
08/05/2012;5.05;-0.00197824
09/05/2012;5.04;-0.001982161
10/05/2012;4.85;-0.038427377
11/05/2012;4.96;0.022427036
12/05/2012;4.95;-0.002018164
13/05/2012;4.93;-0.004048589
14/05/2012;5.01;0.016096927
15/05/2012;5.03;0.003984069
16/05/2012;5.09;0.011857846
17/05/2012;5.1;0.001962709
18/05/2012;5.12;0.003913899
19/05/2012;5.1;-0.003913899
20/05/2012;5.09;-0.001962709
21/05/2012;5.1;0.001962709
22/05/2012;5.1;0
23/05/2012;5.14;0.00781254
24/05/2012;5.12;-0.00389864
25/05/2012;5.15;0.005842276
26/05/2012;5.1;-0.009756175
27/05/2012;5.14;0.00781254
28/05/2012;5.14;0
29/05/2012;5.15;0.001943635
30/05/2012;5.13;-0.003891055
31/05/2012;5.18;0.009699397
01/06/2012;5.27;0.017225306
02/06/2012;5.25;-0.003802286
03/06/2012;5.21;-0.007648221
04/06/2012;5.27;0.011450507
05/06/2012;5.44;0.031748698
06/06/2012;5.46;0.003669729
07/06/2012;5.59;0.023530497
08/06/2012;5.63;0.007130155
09/06/2012;5.56;-0.012511334
10/06/2012;5.47;-0.016319492
11/06/2012;5.57;0.018116438
12/06/2012;5.7;0.023071121
13/06/2012;5.93;0.039558038
14/06/2012;5.95;0.003367007
15/06/2012;6.5;0.088410957
16/06/2012;6.4;-0.015504187
17/06/2012;6.16;-0.038221213
18/06/2012;6.31;0.024058899
19/06/2012;6.5;0.0296665
20/06/2012;6.67;0.025817683
21/06/2012;6.68;0.001498128
22/06/2012;6.55;-0.019652938
23/06/2012;6.43;-0.018490511
24/06/2012;6.35;-0.012519725
25/06/2012;6.3;-0.00790518
26/06/2012;6.42;0.018868484
27/06/2012;6.65;0.035198737
28/06/2012;6.61;-0.006033201
29/06/2012;6.65;0.006033201
30/06/2012;6.69;0.005997019
01/07/2012;6.63;-0.00900907
02/07/2012;6.76;0.019418086
03/07/2012;6.45;-0.046942759
04/07/2012;6.51;0.009259325
05/07/2012;6.67;0.024280404
06/07/2012;6.65;-0.003003005
07/07/2012;6.76;0.016406035
08/07/2012;6.8;0.005899722
09/07/2012;7.02;0.031840606
10/07/2012;7.2;0.025317808
11/07/2012;7.15;-0.006968669
12/07/2012;7.76;0.081869977
13/07/2012;7.67;-0.011665719
14/07/2012;7.54;-0.017094433
15/07/2012;7.62;0.010554188
16/07/2012;8.5;0.109289794
17/07/2012;8.8;0.034685558
18/07/2012;9.11;0.03462099
19/07/2012;8.87;-0.026697915
20/07/2012;8.52;-0.040258455
21/07/2012;8.85;0.038001118
22/07/2012;8.41;-0.050995985
23/07/2012;8.45;0.004744967
24/07/2012;8.6;0.017595762
25/07/2012;8.8;0.022989518
26/07/2012;8.9;0.011299555
27/07/2012;8.9;0
28/07/2012;8.89;-0.001124227
29/07/2012;8.71;-0.020455259
30/07/2012;9.1;0.043802623
31/07/2012;9.35;0.02710193
01/08/2012;9.55;0.021164811
02/08/2012;10.53;0.097687172
03/08/2012;10.97;0.040935948
04/08/2012;10.98;0.000911162
05/08/2012;10.87;-0.010068735
06/08/2012;10.86;-0.000920387
07/08/2012;11.1;0.021858794
08/08/2012;11.06;-0.003610112
09/08/2012;11.06;0
10/08/2012;11.39;0.029400781
11/08/2012;11.51;0.010480445
12/08/2012;11.62;0.009511529
13/08/2012;12.04;0.035506688
14/08/2012;12.19;0.012381504
15/08/2012;13.25;0.083381609
16/08/2012;13.5;0.018692133
17/08/2012;11.58;-0.153410213
18/08/2012;11.61;0.002587324
19/08/2012;8;-0.372425254
20/08/2012;10.1;0.233093882
21/08/2012;9.91;-0.018991076
22/08/2012;9.81;-0.010142075
23/08/2012;10.1;0.02913315
24/08/2012;10.6;0.048318577
25/08/2012;10.52;-0.007575794
26/08/2012;10.61;0.008518745
27/08/2012;10.95;0.031542504
28/08/2012;10.94;-0.000913659
29/08/2012;10.92;-0.001829827
30/08/2012;10.78;-0.012903405
31/08/2012;10.16;-0.059234123
01/09/2012;9.97;-0.018877858
02/09/2012;10.2;0.022807136
03/09/2012;10.53;0.031840606
04/09/2012;10.38;-0.014347448
05/09/2012;11;0.058014395
06/09/2012;11.18;0.016231195
07/09/2012;11;-0.016231195
08/09/2012;11.04;0.003629768
09/09/2012;11.02;-0.001813237
10/09/2012;11.17;0.013519809
11/09/2012;11.33;0.014222462
12/09/2012;11.36;0.002644338
13/09/2012;11.4;0.003514942
14/09/2012;11.67;0.023408091
15/09/2012;11.75;0.006831794
16/09/2012;11.87;0.010160968
17/09/2012;11.89;0.001683502
18/09/2012;12.25;0.029828226
19/09/2012;12.57;0.025787086
20/09/2012;12.28;-0.0233411
21/09/2012;12.37;0.007302264
22/09/2012;12.24;-0.010564909
23/09/2012;12.19;-0.004093334
24/09/2012;12.1;-0.007410491
25/09/2012;12.2;0.008230499
26/09/2012;12.27;0.005721307
27/09/2012;12.31;0.003254681
28/09/2012;12.39;0.006477755
29/09/2012;12.36;-0.002424244
30/09/2012;12.4;0.003231021
01/10/2012;12.4;0
02/10/2012;12.84;0.034868826
03/10/2012;12.89;0.003886519
04/10/2012;12.85;-0.003108006
05/10/2012;12.69;-0.01252953
06/10/2012;12.5;-0.015085637
07/10/2012;11.8;-0.057629113
08/10/2012;11.78;-0.001696353
09/10/2012;11.89;0.009294532
10/10/2012;12.12;0.01915927
11/10/2012;12.03;-0.007453451
12/10/2012;12;-0.00249688
13/10/2012;11.86;-0.011735256
14/10/2012;11.74;-0.010169579
15/10/2012;11.84;0.008481815
16/10/2012;11.85;0.000844238
17/10/2012;11.81;-0.003381237
18/10/2012;11.94;0.010947478
19/10/2012;11.74;-0.016892294
20/10/2012;11.74;0
21/10/2012;11.63;-0.009413848
22/10/2012;11.71;0.006855211
23/10/2012;11.65;-0.005136998
24/10/2012;11.65;0
25/10/2012;10.86;-0.070219866
26/10/2012;10.17;-0.065644104
27/10/2012;10.26;0.00881063
28/10/2012;10.7;0.041990902
29/10/2012;10.6;-0.00938974
30/10/2012;10.89;0.026990936
31/10/2012;11.2;0.028068841
01/11/2012;10.57;-0.057893978
02/11/2012;10.47;-0.009505775
03/11/2012;10.64;0.016106459
04/11/2012;10.8;0.01492565
05/11/2012;10.75;-0.00464038
06/11/2012;10.9;0.013857035
07/11/2012;10.92;0.001833181
08/11/2012;10.92;0
09/11/2012;10.81;-0.010124339
10/11/2012;10.89;0.007373305
11/11/2012;10.87;-0.001838236
12/11/2012;11.01;0.01279725
13/11/2012;10.95;-0.005464494
14/11/2012;10.95;0
15/11/2012;11.2;0.022574322
16/11/2012;11.75;0.047939462
17/11/2012;11.79;0.003398474
18/11/2012;11.65;-0.011945535
19/11/2012;11.8;0.012793351
20/11/2012;11.73;-0.005949869
21/11/2012;11.77;0.003404259
22/11/2012;12.42;0.053754155
23/11/2012;12.34;-0.006462058
24/11/2012;12.41;0.005656581
25/11/2012;12.48;0.005624764
26/11/2012;12.25;-0.018601426
27/11/2012;12.2;-0.004089985
28/11/2012;12.35;0.012220111
29/11/2012;12.45;0.00806456
30/11/2012;12.56;0.008796538
01/12/2012;12.56;0
02/12/2012;12.5;-0.004788517
03/12/2012;12.68;0.014297305
04/12/2012;13.41;0.055974748
05/12/2012;13.38;-0.002239643
06/12/2012;13.3;-0.005997019
07/12/2012;13.5;0.01492565
08/12/2012;13.42;-0.005943554
09/12/2012;13.39;-0.002237972
10/12/2012;13.43;0.002982851
11/12/2012;13.56;0.009633272
12/12/2012;13.7;0.01027155
13/12/2012;13.7;0
14/12/2012;13.6;-0.00732604
15/12/2012;13.49;-0.008121123
16/12/2012;13.3;-0.014184635
17/12/2012;13.25;-0.003766483
18/12/2012;13.3;0.003766483
19/12/2012;13.6;0.022305758
20/12/2012;13.52;-0.005899722
21/12/2012;13.5;-0.001480385
22/12/2012;13.37;-0.009676294
23/12/2012;13.31;-0.004497759
24/12/2012;13.38;0.005245422
25/12/2012;13.35;-0.00224467
26/12/2012;13.47;0.008948606
27/12/2012;13.42;-0.003718859
28/12/2012;13.42;0
29/12/2012;13.4;-0.001491425
30/12/2012;13.45;0.003724399
31/12/2012;13.51;0.004451046
01/01/2013;13.3;-0.015666117
02/01/2013;13.28;-0.001504891
03/01/2013;13.4;0.008995563
04/01/2013;13.5;0.007434978
05/01/2013;13.44;-0.00445435
06/01/2013;13.45;0.000743771
07/01/2013;13.59;0.010355122
08/01/2013;13.74;0.010977059
09/01/2013;13.77;0.002181026
10/01/2013;14.14;0.026515348
11/01/2013;14.14;0
12/01/2013;14.24;0.007047246
13/01/2013;14.12;-0.008462674
14/01/2013;14.3;0.012667305
15/01/2013;14.25;-0.003502631
16/01/2013;14.73;0.033129324
17/01/2013;15.5;0.050953793
18/01/2013;15.7;0.012820688
19/01/2013;15.61;-0.005748978
20/01/2013;15.7;0.005748978
21/01/2013;16.8;0.067718174
22/01/2013;17.26;0.027012799
23/01/2013;17.5;0.013809195
24/01/2013;16.9;-0.034887259
25/01/2013;17.4;0.029156584
26/01/2013;17.88;0.027212564
27/01/2013;17.82;-0.003361348
28/01/2013;18.72;0.049271049
29/01/2013;19.53;0.042359274
30/01/2013;19.7;0.008666891
31/01/2013;20.41;0.035406341
01/02/2013;20.5;0.004399909
02/02/2013;19.63;-0.043365878
03/02/2013;20.59;0.047746513
04/02/2013;20.43;-0.007801112
05/02/2013;20.6;0.008286667
06/02/2013;21.18;0.027766264
07/02/2013;22.15;0.044780156
08/02/2013;22.66;0.022763759
09/02/2013;23.65;0.042761859
10/02/2013;23.97;0.013439934
11/02/2013;24.65;0.027973852
12/02/2013;25.17;0.020875909
13/02/2013;24.2;-0.039300176
14/02/2013;27.22;0.117599364
15/02/2013;27.1;-0.004418269
16/02/2013;27.22;0.004418269
17/02/2013;26.81;-0.015177045
18/02/2013;26.95;0.005208345
19/02/2013;29.42;0.087691418
20/02/2013;29.64;0.007450085
21/02/2013;29.75;0.003704332
22/02/2013;30.25;0.016667052
23/02/2013;29.8;-0.014987791
24/02/2013;29.89;0.003015583
25/02/2013;30.4;0.016918632
26/02/2013;31.1;0.022765211
27/02/2013;30.9;-0.006451635
28/02/2013;33.38;0.077200734
01/03/2013;34.5;0.033002406
02/03/2013;34.25;-0.007272759
03/03/2013;34.5;0.007272759
04/03/2013;36.15;0.046717625
05/03/2013;40.33;0.10941866
06/03/2013;41.02;0.016964144
07/03/2013;42;0.023609866
08/03/2013;44.18;0.05060258
09/03/2013;46.85;0.058678811
10/03/2013;46;-0.018309612
11/03/2013;48.4;0.050858417
12/03/2013;44.29;-0.088740896
13/03/2013;46.92;0.057685106
14/03/2013;47.17;0.005314074
15/03/2013;46.95;-0.004674892
16/03/2013;47;0.001064396
17/03/2013;47.4;0.008474627
18/03/2013;51.6;0.084899444
19/03/2013;59.14;0.136385842
20/03/2013;64.49;0.086602659
21/03/2013;70.85;0.094054793
22/03/2013;69.86;-0.014071727
23/03/2013;64.35;-0.082156305
24/03/2013;71.5;0.105360516
25/03/2013;73.6;0.028947576
26/03/2013;78.5;0.064453599
27/03/2013;88.92;0.124638464
28/03/2013;86.18;-0.031298957
29/03/2013;90.5;0.048911719
30/03/2013;92.19;0.018501814
31/03/2013;93.03;0.009070357
01/04/2013;104;0.111468877
02/04/2013;117.98;0.126124219
03/04/2013;135;0.13475966
04/04/2013;132.12;-0.021564178
05/04/2013;142.32;0.074367443
06/04/2013;142.63;0.002175821
07/04/2013;162.3;0.12919261
08/04/2013;187.5;0.144332371
09/04/2013;230;0.204300464
10/04/2013;165;-0.332133835
11/04/2013;124.9;-0.278432057
12/04/2013;117;-0.065339482
13/04/2013;93;-0.229574442
14/04/2013;90;-0.032789823
15/04/2013;82.39;-0.0883456
16/04/2013;68.36;-0.186676212
17/04/2013;93.07;0.30856404
18/04/2013;109.01;0.158087723
19/04/2013;118.48;0.083304549
20/04/2013;126.62;0.066446305
21/04/2013;119.2;-0.06038772
22/04/2013;127.4;0.066528989
23/04/2013;143.47;0.118794211
24/04/2013;154.2;0.072124507
25/04/2013;141.71;-0.084467745
26/04/2013;136.9;-0.034531984
27/04/2013;128;-0.067220468
28/04/2013;134.44;0.049087739
29/04/2013;144;0.068695297
30/04/2013;139.23;-0.033686058
01/05/2013;116.38;-0.179266543
02/05/2013;106.25;-0.091065891
03/05/2013;98.1;-0.079807441
04/05/2013;112.9;0.140515105
05/05/2013;115.98;0.026915291
06/05/2013;112.25;-0.032689236
07/05/2013;109.6;-0.023891152
08/05/2013;113.2;0.032318791
09/05/2013;112.8;-0.003539827
10/05/2013;117.7;0.042522675
11/05/2013;115.64;-0.017657097
12/05/2013;114.82;-0.007116232
13/05/2013;117.98;0.027149434
14/05/2013;111.4;-0.057387791
15/05/2013;114.22;0.024999086
16/05/2013;118.21;0.034336291
17/05/2013;123.5;0.043778452
18/05/2013;123.21;-0.002350939
19/05/2013;122.5;-0.005779187
20/05/2013;122.02;-0.003926064
21/05/2013;122.89;0.007104681
22/05/2013;123.8;0.007377714
23/05/2013;126.3;0.019992669
24/05/2013;133.1;0.052440696
25/05/2013;131.99;-0.008374563
26/05/2013;133.5;0.011375316
27/05/2013;129.77;-0.028337825
28/05/2013;129;-0.005951248
29/05/2013;132.25;0.024881666
30/05/2013;128.8;-0.026433257
31/05/2013;128.82;0.000155267
01/06/2013;129.3;0.003719205
02/06/2013;122.5;-0.054024256
03/06/2013;120.74;-0.014471557
04/06/2013;121.4;0.005451405
05/06/2013;121.9;0.004110158
06/06/2013;118.97;-0.024329676
07/06/2013;111;-0.069341159
08/06/2013;107.89;-0.028418012
09/06/2013;100.44;-0.071551655
10/06/2013;106.35;0.057175007
11/06/2013;109;0.024612341
12/06/2013;108.78;-0.002020388
13/06/2013;103.95;-0.04541748
14/06/2013;100;-0.038739828
15/06/2013;99.8;-0.002002003
16/06/2013;99.9;0.001001502
17/06/2013;101.95;0.020312811
18/06/2013;107.35;0.051612027
19/06/2013;108.25;0.008348843
20/06/2013;111.29;0.02769604
21/06/2013;109.5;-0.016214858
22/06/2013;108.2;-0.011943183
23/06/2013;107.9;-0.002776494
24/06/2013;102.09;-0.055350095
25/06/2013;103.33;0.012072973
26/06/2013;104;0.006463149
27/06/2013;101.74;-0.02197036
28/06/2013;94.66;-0.072129015
29/06/2013;95;0.003585367
30/06/2013;97.51;0.026078045
01/07/2013;84.61;-0.141902474
02/07/2013;87.66;0.035413232
03/07/2013;76.89;-0.131089866
04/07/2013;77.68;0.010221995
05/07/2013;66.34;-0.15780479
06/07/2013;66.85;0.00765827
07/07/2013;72.51;0.08127318
08/07/2013;74.56;0.027879687
09/07/2013;74.22;-0.004570515
10/07/2013;84.51;0.129836215
11/07/2013;91.22;0.076404301
12/07/2013;88.46;-0.030723699
13/07/2013;91.39;0.032585591
14/07/2013;90.37;-0.011223709
15/07/2013;93.14;0.030191384
16/07/2013;92.74;-0.004303859
17/07/2013;90.54;-0.024008137
18/07/2013;85.43;-0.058094415
19/07/2013;85.78;0.004088552
20/07/2013;85.67;-0.001283173
21/07/2013;85.47;-0.002337269
22/07/2013;86.09;0.007227823
23/07/2013;86.94;0.009824965
24/07/2013;87.46;0.00596332
25/07/2013;89.41;0.022050987
26/07/2013;90.63;0.013552751
27/07/2013;89.1;-0.01702595
28/07/2013;92.1;0.033115609
29/07/2013;93.3;0.012945165
30/07/2013;96.31;0.031752048
31/07/2013;97.91;0.016476534
01/08/2013;96.42;-0.01533504
02/08/2013;97.24;0.0084685
03/08/2013;96.66;-0.005982483
04/08/2013;96.6;-0.000620925
05/08/2013;96.92;0.003307155
06/08/2013;97.13;0.002164391
07/08/2013;96.92;-0.002164391
08/08/2013;94.77;-0.022432992
09/08/2013;93.36;-0.014989916
10/08/2013;93.29;-0.000750067
11/08/2013;94.16;0.009282542
12/08/2013;95.08;0.00972318
13/08/2013;97.9;0.029227907
14/08/2013;97.96;0.000612683
15/08/2013;97.54;-0.004296682
16/08/2013;98.33;0.008066619
17/08/2013;99.56;0.012431309
18/08/2013;98.84;-0.007258096
19/08/2013;102.3;0.034407292
20/08/2013;105.01;0.026145911
21/08/2013;111.44;0.059430746
22/08/2013;109.73;-0.015463526
23/08/2013;107.55;-0.020066947
24/08/2013;108.69;0.010543938
25/08/2013;111.79;0.028122318
26/08/2013;112.23;0.003928226
27/08/2013;117.45;0.045462374
28/08/2013;117.59;0.001191287
29/08/2013;117.52;-0.000595466
30/08/2013;123.23;0.047443996
31/08/2013;129.46;0.049319425
01/09/2013;128.26;-0.009312499
02/09/2013;127.36;-0.007041732
03/09/2013;127.59;0.001804276
04/09/2013;120.57;-0.056591501
05/09/2013;120.53;-0.000331813
06/09/2013;116.32;-0.035553671
07/09/2013;119.05;0.023198559
08/09/2013;116.59;-0.020880066
09/09/2013;120.02;0.028994889
10/09/2013;121.46;0.011926595
11/09/2013;125.45;0.032322282
12/09/2013;125.76;0.002468056
13/09/2013;126.51;0.005946028
14/09/2013;124.08;-0.019394838
15/09/2013;124.58;0.004021561
16/09/2013;125.06;0.003845542
17/09/2013;125.97;0.007250161
18/09/2013;126.3;0.002616246
19/09/2013;124.19;-0.016847378
20/09/2013;122.9;-0.010441634
21/09/2013;122.64;-0.002117782
22/09/2013;122.65;8.15E-05
23/09/2013;122.22;-0.003512071
24/09/2013;122.54;0.002614808
25/09/2013;123.42;0.007155666
26/09/2013;123.48;0.000486027
27/09/2013;123.5;0.000161956
28/09/2013;124.75;0.010070579
29/09/2013;125.18;0.003440967
30/09/2013;123.1;-0.016755668
01/10/2013;125.49;0.019229041
02/10/2013;99.81;-0.228957695
03/10/2013;116.82;0.15736591
04/10/2013;121.29;0.037550084
05/10/2013;121.14;-0.001237471
06/10/2013;121.68;0.004447746
07/10/2013;123.24;0.012739026
08/10/2013;124.32;0.008725213
09/10/2013;125.84;0.012152372
10/10/2013;125.7;-0.001113143
11/10/2013;125.51;-0.001512679
12/10/2013;126.52;0.008014962
13/10/2013;130.42;0.030359614
14/10/2013;133.04;0.019889823
15/10/2013;138.64;0.041230811
16/10/2013;137.42;-0.008838716
17/10/2013;142.73;0.037912804
18/10/2013;149.59;0.046943485
19/10/2013;159.81;0.066087391
20/10/2013;163.06;0.020132622
21/10/2013;174.18;0.065971016
22/10/2013;183.86;0.054085351
23/10/2013;200.62;0.087237973
24/10/2013;183.15;-0.091107082
25/10/2013;178.12;-0.027848009
26/10/2013;175.9;-0.012541829
27/10/2013;185.69;0.054162965
28/10/2013;187.87;0.011671618
29/10/2013;198.19;0.053475932
30/10/2013;194.55;-0.018536967
31/10/2013;198.23;0.018738773
01/11/2013;198.51;0.001411504
02/11/2013;200.85;0.011718884
03/11/2013;207.63;0.033199289
04/11/2013;225.2;0.081231247
05/11/2013;239.29;0.060687309
06/11/2013;253.69;0.058436844
07/11/2013;283.3;0.110393358
08/11/2013;323.77;0.13352698
09/11/2013;336.14;0.037494353
10/11/2013;311.9;-0.074845116
11/11/2013;332.63;0.064348138
12/11/2013;349.34;0.049014899
13/11/2013;393.28;0.118476166
14/11/2013;410.72;0.043389891
15/11/2013;409.17;-0.003781
16/11/2013;428.82;0.046906533
17/11/2013;476.29;0.104989662
18/11/2013;674.38;0.347766838
19/11/2013;541.83;-0.218841451
20/11/2013;572.67;0.055357335
21/11/2013;695.87;0.194853227
22/11/2013;747.48;0.071544688
23/11/2013;776.7;0.038346626
24/11/2013;751.38;-0.03314266
25/11/2013;778.68;0.035688663
26/11/2013;899.2;0.143905301
27/11/2013;948.41;0.053281419
28/11/2013;1037.75;0.090023289
29/11/2013;1120.4;0.076630856
30/11/2013;1124.76;0.003883915
01/12/2013;946.92;-0.172110346
02/12/2013;1038.35;0.092173581
03/12/2013;1068.67;0.02878197
04/12/2013;1147.25;0.07095289
05/12/2013;1042.03;-0.096197041
06/12/2013;834.03;-0.22265664
07/12/2013;694.47;-0.183120408
08/12/2013;795.4;0.135696168
09/12/2013;898.02;0.121347207
10/12/2013;990;0.097512603
11/12/2013;883.26;-0.114085335
12/12/2013;875.75;-0.008538946
13/12/2013;898.21;0.025323232
14/12/2013;867.49;-0.03479991
15/12/2013;879.47;0.013715469
16/12/2013;712.51;-0.210525506
17/12/2013;683.84;-0.041069975
18/12/2013;522.23;-0.269615868
19/12/2013;698.45;0.29075549
20/12/2013;622.84;-0.11457393
21/12/2013;608.96;-0.02253708
22/12/2013;617.82;0.014444569
23/12/2013;673.17;0.085800745
24/12/2013;667.62;-0.008278749
25/12/2013;687.36;0.029139023
26/12/2013;765.21;0.107292134
27/12/2013;746.72;-0.024460024
28/12/2013;730.47;-0.02200212
29/12/2013;745.07;0.019790011
30/12/2013;754.76;0.012921644
31/12/2013;757.5;0.003623719
01/01/2014;770.44;0.016938243
02/01/2014;808.05;0.047662158
03/01/2014;830.02;0.026825859
04/01/2014;858.98;0.034295842
05/01/2014;940.1;0.090240614
06/01/2014;951.39;0.011937821
07/01/2014;810.58;-0.160174032
08/01/2014;859.95;0.059124207
09/01/2014;860.89;0.00109249
10/01/2014;884.67;0.027247956
11/01/2014;930.9;0.050937166
12/01/2014;873.26;-0.063918525
13/01/2014;857.96;-0.017675857
14/01/2014;851.83;-0.007170502
15/01/2014;874.71;0.026505426
16/01/2014;847.37;-0.031754968
17/01/2014;828.22;-0.022858616
18/01/2014;843.76;0.018589274
19/01/2014;878.68;0.040552687
20/01/2014;871.05;-0.008721401
21/01/2014;874.29;0.003712748
22/01/2014;863.95;-0.011897232
23/01/2014;854.35;-0.011173951
24/01/2014;825.12;-0.034812116
25/01/2014;861.85;0.043552411
26/01/2014;880.15;0.021011106
27/01/2014;814.53;-0.077481088
28/01/2014;833.94;0.023550198
29/01/2014;837.51;0.004271747
30/01/2014;845.85;0.009908835
31/01/2014;848.29;0.00288052
01/02/2014;853.02;0.005560435
02/02/2014;854.37;0.001581361
03/02/2014;846.9;-0.008781731
04/02/2014;842.01;-0.005790733
05/02/2014;820.87;-0.025427137
06/02/2014;783.62;-0.046440544
07/02/2014;703.57;-0.107756835
08/02/2014;676.91;-0.038629049
09/02/2014;681.94;0.007403353
10/02/2014;679.73;-0.003246017
11/02/2014;669.44;-0.015254119
12/02/2014;648.38;-0.031964598
13/02/2014;598.41;-0.080200806
14/02/2014;656.61;0.092814097
15/02/2014;645.43;-0.017173474
16/02/2014;610.65;-0.055392798
17/02/2014;621.49;0.017595857
18/02/2014;621.22;-0.000434534
19/02/2014;617.71;-0.005666195
20/02/2014;552.21;-0.112090683
21/02/2014;569.04;0.030022322
22/02/2014;604.75;0.060864419
23/02/2014;604.58;-0.000281147
24/02/2014;545.32;-0.103161224
25/02/2014;534.71;-0.019648234
26/02/2014;577.09;0.07627369
27/02/2014;576.7;-0.000676033
28/02/2014;543.93;-0.058501639
01/03/2014;563.74;0.03577259
02/03/2014;560.3;-0.006120798
03/03/2014;661.12;0.165463012
04/03/2014;663.6;0.003744192
05/03/2014;661.79;-0.002731273
06/03/2014;658.72;-0.004649727
07/03/2014;625.83;-0.051219789
08/03/2014;615.24;-0.017066333
09/03/2014;633.18;0.028742306
10/03/2014;625.83;-0.011675973
11/03/2014;628.95;0.004972994
12/03/2014;631.39;0.003871976
13/03/2014;638.16;0.010665297
14/03/2014;626.71;-0.018105122
15/03/2014;633.67;0.0110444
16/03/2014;630.72;-0.00466629
17/03/2014;621.22;-0.015176737
18/03/2014;613.63;-0.012293146
19/03/2014;608.82;-0.007869483
20/03/2014;586.59;-0.037196549
21/03/2014;570.77;-0.027339783
22/03/2014;564.42;-0.011187671
23/03/2014;561.35;-0.005454058
24/03/2014;586.27;0.043435837
25/03/2014;582.28;-0.006829003
26/03/2014;579.07;-0.005528063
27/03/2014;478.16;-0.191477964
28/03/2014;502.44;0.049530825
29/03/2014;493.18;-0.018602011
30/03/2014;461.87;-0.065590753
31/03/2014;458.5;-0.007323175
01/04/2014;478.72;0.043155584
02/04/2014;437.51;-0.090016313
03/04/2014;447.08;0.021637987
04/04/2014;448.88;0.004018042
05/04/2014;464.83;0.034916156
06/04/2014;460.7;-0.008924675
07/04/2014;446.22;-0.031934968
08/04/2014;450.46;0.009457179
09/04/2014;440.2;-0.023040114
10/04/2014;360.84;-0.198794522
11/04/2014;420.06;0.151962911
12/04/2014;420.66;0.001427348
13/04/2014;414.95;-0.013666875
14/04/2014;457.63;0.097902966
15/04/2014;520.12;0.127998557
16/04/2014;529.16;0.017231289
17/04/2014;494.4;-0.067945937
18/04/2014;478.23;-0.033253118
19/04/2014;501.55;0.047611515
20/04/2014;497.32;-0.008469621
21/04/2014;493.09;-0.008541969
22/04/2014;484.43;-0.017718771
23/04/2014;486.93;0.005147434
24/04/2014;500.26;0.027007588
25/04/2014;459.61;-0.084749659
26/04/2014;456.14;-0.007578524
27/04/2014;429.65;-0.059828856
28/04/2014;437.06;0.017099562
29/04/2014;444.25;0.016316982
30/04/2014;445.87;0.003639963
01/05/2014;456.27;0.02305731
02/05/2014;446.64;-0.021331839
03/05/2014;436.94;-0.021957015
04/05/2014;434.06;-0.006613113
05/05/2014;429.72;-0.01004894
06/05/2014;426.99;-0.00637324
07/05/2014;436.96;0.023081064
08/05/2014;435.34;-0.003714323
09/05/2014;448.23;0.029179159
10/05/2014;452.71;0.00994525
11/05/2014;436.54;-0.036371735
12/05/2014;438.43;0.004320155
13/05/2014;437.41;-0.002329194
14/05/2014;441.75;0.009873141
15/05/2014;444.32;0.005800912
16/05/2014;445.01;0.00155173
17/05/2014;446.36;0.003029047
18/05/2014;444.81;-0.003478577
19/05/2014;444.31;-0.001124708
20/05/2014;485.83;0.089336251
21/05/2014;489.16;0.006830866
22/05/2014;526.06;0.07272564
23/05/2014;519.04;-0.013434323
24/05/2014;525.63;0.012616592
25/05/2014;570.09;0.0811967
26/05/2014;581.83;0.020384066
27/05/2014;569.63;-0.021191282
28/05/2014;574.45;0.008426034
29/05/2014;565.51;-0.015685082
30/05/2014;616.47;0.086281681
31/05/2014;623.26;0.010954108
01/06/2014;629.02;0.009199285
02/06/2014;658.79;0.046241766
03/06/2014;665.73;0.010479364
04/06/2014;636.78;-0.044459956
05/06/2014;656.06;0.029828021
06/06/2014;645.56;-0.016134091
07/06/2014;652.71;0.011014769
08/06/2014;653.64;0.001423815
09/06/2014;645.34;-0.012779431
10/06/2014;649.81;0.006902703
11/06/2014;627.91;-0.034283168
12/06/2014;581.8;-0.076270098
13/06/2014;597.43;0.026510376
14/06/2014;571.69;-0.044040236
15/06/2014;591.97;0.034859071
16/06/2014;588.06;-0.006626974
17/06/2014;607.34;0.032259783
18/06/2014;604.88;-0.004058675
19/06/2014;592.26;-0.021084364
20/06/2014;588.52;-0.006334817
21/06/2014;591.03;0.004255867
22/06/2014;598.88;0.013194467
23/06/2014;587.46;-0.019253086
24/06/2014;575.07;-0.021316386
25/06/2014;562.13;-0.022758633
26/06/2014;579.38;0.030225426
27/06/2014;600.86;0.036403396
28/06/2014;591.99;-0.014872219
29/06/2014;598.6;0.011103853
30/06/2014;639.36;0.065874081
01/07/2014;635.59;-0.005913975
02/07/2014;647.34;0.018317957
03/07/2014;640.69;-0.010325938
04/07/2014;626.96;-0.021662978
05/07/2014;628.33;0.002182763
06/07/2014;631.71;0.005364922
07/07/2014;617.99;-0.021958152
08/07/2014;620.22;0.003601978
09/07/2014;620.55;0.000531928
10/07/2014;615.11;-0.008805068
11/07/2014;631.18;0.02578997
12/07/2014;634.48;0.005214682
13/07/2014;627.58;-0.010934613
14/07/2014;618.38;-0.014767998
15/07/2014;619.36;0.001583532
16/07/2014;615.2;-0.006739269
17/07/2014;622.62;0.011988963
18/07/2014;628.22;0.008954043
19/07/2014;625.8;-0.003859592
20/07/2014;621.37;-0.007104114
21/07/2014;620.01;-0.002191111
22/07/2014;618.81;-0.001937328
23/07/2014;617.93;-0.001423096
24/07/2014;600.01;-0.029428861
25/07/2014;599.93;-0.00013334
26/07/2014;593.85;-0.01018622
27/07/2014;590.95;-0.004895351
28/07/2014;584.69;-0.010649619
29/07/2014;582.2;-0.004267761
30/07/2014;564.37;-0.031103967
31/07/2014;581.35;0.02964292
01/08/2014;595.08;0.023342865
02/08/2014;587.29;-0.013177115
03/08/2014;585.51;-0.003035473
04/08/2014;586.76;0.002132615
05/08/2014;583.11;-0.00624003
06/08/2014;583.04;-0.000120053
07/08/2014;587.4;0.007450224
08/08/2014;590.53;0.00531442
09/08/2014;588.09;-0.004140441
10/08/2014;589.45;0.002309901
11/08/2014;573.31;-0.027763316
12/08/2014;568.21;-0.008935514
13/08/2014;544.57;-0.042494576
14/08/2014;508.55;-0.068432953
15/08/2014;496.62;-0.023738393
16/08/2014;519.83;0.045676689
17/08/2014;492.95;-0.053094086
18/08/2014;460.67;-0.067725797
19/08/2014;486.74;0.055048148
20/08/2014;511.93;0.050457797
21/08/2014;516.16;0.008228898
22/08/2014;513.94;-0.004310268
23/08/2014;497.22;-0.033073943
24/08/2014;508.57;0.022570282
25/08/2014;501.63;-0.01374007
26/08/2014;513.47;0.023328809
27/08/2014;510.43;-0.005938097
28/08/2014;507.02;-0.006703057
29/08/2014;508.42;0.002757427
30/08/2014;501.2;-0.014302655
31/08/2014;478.07;-0.047248058
01/09/2014;474.13;-0.00827562
02/09/2014;475.32;0.002506716
03/09/2014;474.54;-0.001642348
04/09/2014;489.09;0.030200608
05/09/2014;480.5;-0.017719293
06/09/2014;482.24;0.003614687
07/09/2014;479.48;-0.005739732
08/09/2014;472.15;-0.015405452
09/09/2014;471.56;-0.001250384
10/09/2014;477.53;0.012580638
11/09/2014;476.33;-0.002516094
12/09/2014;473.83;-0.005262284
13/09/2014;477.09;0.006856545
14/09/2014;474.71;-0.005001061
15/09/2014;471.36;-0.007081958
16/09/2014;463.74;-0.016298083
17/09/2014;454.91;-0.019224453
18/09/2014;421.46;-0.076374723
19/09/2014;391.94;-0.072616107
20/09/2014;406.82;0.03726206
21/09/2014;396.57;-0.025518257
22/09/2014;398.89;0.005833119
23/09/2014;435.38;0.087533523
24/09/2014;422.3;-0.030503251
25/09/2014;408.8;-0.032489923
26/09/2014;401.92;-0.016972975
27/09/2014;398.36;-0.008896945
28/09/2014;376.2;-0.057235202
29/09/2014;374.73;-0.00391515
30/09/2014;386.27;0.03033084
01/10/2014;381.33;-0.012871465
02/10/2014;371.99;-0.02479817
03/10/2014;356.56;-0.042364444
04/10/2014;325.49;-0.091170789
05/10/2014;319.64;-0.018136377
06/10/2014;328.46;0.027219702
07/10/2014;334.09;0.016995353
08/10/2014;352.79;0.054462561
09/10/2014;363.78;0.03067631
10/10/2014;358.69;-0.014090784
11/10/2014;359.2;0.001420831
12/10/2014;376.19;0.046214998
13/10/2014;388.38;0.031889907
14/10/2014;398.71;0.026250094
15/10/2014;391.84;-0.017380742
16/10/2014;380.08;-0.030471836
17/10/2014;380.42;0.000894149
18/10/2014;388.96;0.022200605
19/10/2014;386.59;-0.006111811
20/10/2014;379.37;-0.018852718
21/10/2014;382.38;0.007902896
22/10/2014;379.1;-0.008614856
23/10/2014;355.86;-0.063262627
24/10/2014;355.17;-0.001940847
25/10/2014;346.11;-0.025839904
26/10/2014;351.54;0.015566859
27/10/2014;348.96;-0.0073662
28/10/2014;351.9;0.008389742
29/10/2014;333.38;-0.054064064
30/10/2014;343.78;0.030718937
31/10/2014;336.8;-0.020512636
01/11/2014;325.39;-0.034464819
02/11/2014;323.74;-0.005083738
03/11/2014;324.23;0.001512416
04/11/2014;328.28;0.012413762
05/11/2014;337.14;0.026631372
06/11/2014;348.23;0.032364907
07/11/2014;341.08;-0.020746127
08/11/2014;344.03;0.008611809
09/11/2014;363.31;0.054527601
10/11/2014;365.29;0.005435094
11/11/2014;366.99;0.004643041
12/11/2014;427.24;0.152011316
13/11/2014;417.15;-0.023900047
14/11/2014;398.43;-0.045914045
15/11/2014;375.13;-0.060259192
16/11/2014;388.55;0.035149229
17/11/2014;385.86;-0.006947252
18/11/2014;372.38;-0.035559771
19/11/2014;377.24;0.012966751
20/11/2014;356.14;-0.057557678
21/11/2014;348.86;-0.020653216
22/11/2014;352.04;0.00907411
23/11/2014;366.77;0.040990143
24/11/2014;375.24;0.022830873
25/11/2014;375.72;0.001278364
26/11/2014;368.51;-0.019376337
27/11/2014;369.14;0.001708128
28/11/2014;375.85;0.018014152
29/11/2014;375.22;-0.001677607
30/11/2014;377.09;0.004971365
01/12/2014;378.64;0.004102
02/12/2014;381.54;0.007629809
03/12/2014;374.97;-0.017369672
04/12/2014;369.15;-0.015642957
05/12/2014;376.04;0.018492455
06/12/2014;374.02;-0.005386249
07/12/2014;374.26;0.000641471
08/12/2014;360.94;-0.036239004
09/12/2014;351.27;-0.027156581
10/12/2014;344.62;-0.019112798
11/12/2014;347.13;0.007256989
12/12/2014;350.94;0.010915919
13/12/2014;347.47;-0.009936938
14/12/2014;351.14;0.010506674
15/12/2014;345.1;-0.017350774
16/12/2014;326.08;-0.05669148
17/12/2014;319.17;-0.021418874
18/12/2014;310.75;-0.026735146
19/12/2014;317.01;0.019944589
20/12/2014;329.57;0.038855455
21/12/2014;319.24;-0.031845603
22/12/2014;330.67;0.035177728
23/12/2014;334.05;0.010169783
24/12/2014;321.88;-0.037111877
25/12/2014;318.61;-0.010211021
26/12/2014;327.16;0.026481564
27/12/2014;315.17;-0.037337172
28/12/2014;316.8;0.005158484
29/12/2014;312.44;-0.013858209
30/12/2014;309.87;-0.008259596
31/12/2014;319.7;0.031230201
01/01/2015;313.92;-0.01824488
02/01/2015;314.59;0.002132027
03/01/2015;279.85;-0.117016458
04/01/2015;263.63;-0.05970714
05/01/2015;272.95;0.034742023
06/01/2015;285.58;0.045233572
07/01/2015;294.88;0.032046294
08/01/2015;283.25;-0.040238594
09/01/2015;288.84;0.019543002
10/01/2015;274.07;-0.052489353
11/01/2015;265.37;-0.03225847
12/01/2015;267.09;0.006460602
13/01/2015;226.98;-0.162723772
14/01/2015;177.28;-0.247131504
15/01/2015;210.46;0.171565208
16/01/2015;207.22;-0.01551458
17/01/2015;199.62;-0.037365472
18/01/2015;209.93;0.050358583
19/01/2015;213.98;0.019108411
20/01/2015;210.48;-0.016491916
21/01/2015;225.98;0.071055863
22/01/2015;232.66;0.029131661
23/01/2015;232.97;0.00133153
24/01/2015;247.99;0.062478733
25/01/2015;254.51;0.025951705
26/01/2015;271.95;0.066278098
27/01/2015;262.06;-0.037044741
28/01/2015;233.21;-0.11663415
29/01/2015;232.4;-0.00347931
30/01/2015;226.5;-0.02571508
31/01/2015;216.91;-0.043262424
01/02/2015;226.4;0.042820825
02/02/2015;237.54;0.048032684
03/02/2015;226.96;-0.04556224
04/02/2015;226.73;-0.001013908
05/02/2015;216.77;-0.044922999
06/02/2015;222.48;0.026000326
07/02/2015;227.33;0.021565496
08/02/2015;222.87;-0.019814064
09/02/2015;220.17;-0.012188667
10/02/2015;220.08;-0.000408859
11/02/2015;219.49;-0.002684443
12/02/2015;221.85;0.010694804
13/02/2015;235.79;0.060940101
14/02/2015;257.47;0.08796163
15/02/2015;234.33;-0.09417283
16/02/2015;233.56;-0.003291375
17/02/2015;243.6;0.042088532
18/02/2015;236.21;-0.030806296
19/02/2015;239.83;0.015209099
20/02/2015;243.78;0.01633584
21/02/2015;244.26;0.001967053
22/02/2015;235.53;-0.036394938
23/02/2015;238.08;0.010768458
24/02/2015;238.76;0.002852112
25/02/2015;237.25;-0.006344426
26/02/2015;236.1;-0.004858993
27/02/2015;252.51;0.067195408
28/02/2015;253.53;0.004031307
01/03/2015;258.74;0.020341537
02/03/2015;271.35;0.047585804
03/03/2015;281.45;0.036545311
04/03/2015;271.92;-0.034446907
05/03/2015;274.86;0.010753972
06/03/2015;272.21;-0.00968805
07/03/2015;275.89;0.013428408
08/03/2015;274.48;-0.005123837
09/03/2015;288.52;0.049886009
10/03/2015;290.51;0.006873591
11/03/2015;295.83;0.018146966
12/03/2015;293.87;-0.006647472
13/03/2015;284.28;-0.033177825
14/03/2015;281.36;-0.01032468
15/03/2015;285.34;0.014046464
16/03/2015;290.38;0.017508958
17/03/2015;284.46;-0.020597764
18/03/2015;255.37;-0.107879172
19/03/2015;259.74;0.016967657
20/03/2015;260.84;0.004226062
21/03/2015;259.62;-0.004688169
22/03/2015;267.8;0.03102141
23/03/2015;265.94;-0.006969714
24/03/2015;245.44;-0.080218201
25/03/2015;246.13;0.002807333
26/03/2015;247.65;0.006156607
27/03/2015;246.58;-0.004329975
28/03/2015;252.25;0.022734175
29/03/2015;242.02;-0.041400292
30/03/2015;246.85;0.019760497
31/03/2015;243.39;-0.01411577
01/04/2015;246.55;0.012899718
02/04/2015;252.26;0.022895489
03/04/2015;253.54;0.0050613
04/04/2015;253.12;-0.001657917
05/04/2015;259.95;0.02662562
06/04/2015;254.52;-0.021109886
07/04/2015;252.8;-0.006780756
08/04/2015;244.36;-0.033956114
09/04/2015;243.26;-0.004511718
10/04/2015;235.22;-0.033609584
11/04/2015;236.12;0.003818904
12/04/2015;235.64;-0.002034934
13/04/2015;223.41;-0.053296568
14/04/2015;218.27;-0.02327582
15/04/2015;223.57;0.023991736
16/04/2015;228.11;0.020103405
17/04/2015;222.23;-0.026115087
18/04/2015;222.84;0.002741144
19/04/2015;221.69;-0.005174016
20/04/2015;224.31;0.011749014
21/04/2015;235.81;0.049997372
22/04/2015;233.92;-0.008047219
23/04/2015;235.56;0.006986482
24/04/2015;230.79;-0.020457452
25/04/2015;225.85;-0.021637144
26/04/2015;218.81;-0.031667289
27/04/2015;228.5;0.043332437
28/04/2015;225.68;-0.012418144
29/04/2015;225.98;0.001328433
30/04/2015;236.57;0.045797647
01/05/2015;232.12;-0.018989668
02/05/2015;234.9;0.011905412
03/05/2015;240.12;0.021978907
04/05/2015;238.77;-0.005638053
05/05/2015;236.55;-0.009341143
06/05/2015;230.05;-0.027862925
07/05/2015;237.78;0.0330492
08/05/2015;243.39;0.023319219
09/05/2015;240.48;-0.012028169
10/05/2015;239.63;-0.003540859
11/05/2015;241.85;0.009221632
12/05/2015;240.99;-0.00356226
13/05/2015;235.8;-0.021771451
14/05/2015;236.74;0.003978504
15/05/2015;237.31;0.002404811
16/05/2015;235.73;-0.006680221
17/05/2015;236.1;0.001568362
18/05/2015;232.87;-0.013775086
19/05/2015;231.94;-0.00400164
20/05/2015;234.25;0.009910204
21/05/2015;235.3;0.004472375
22/05/2015;240.52;0.02194195
23/05/2015;239.03;-0.006214179
24/05/2015;241.19;0.008995938
25/05/2015;237.49;-0.015459487
26/05/2015;237.33;-0.00067394
27/05/2015;237.18;-0.000632231
28/05/2015;237.47;0.001221953
29/05/2015;237.1;-0.001559307
30/05/2015;233.29;-0.016199678
31/05/2015;230;-0.014203006
01/06/2015;223.31;-0.029518368
02/06/2015;225.75;0.010867252
03/06/2015;225.65;-0.000443066
04/06/2015;224.37;-0.005688651
05/06/2015;225.04;0.002981689
06/06/2015;225.68;0.002839903
07/06/2015;223.39;-0.010198944
08/06/2015;228.65;0.023273327
09/06/2015;229.33;0.002969564
10/06/2015;228.95;-0.001658375
11/06/2015;230.02;0.004662623
12/06/2015;230.2;0.000782235
13/06/2015;232.75;0.01101642
14/06/2015;233.85;0.004714968
15/06/2015;237.31;0.014687419
16/06/2015;250.9;0.05568715
17/06/2015;249.17;-0.006919059
18/06/2015;248.87;-0.001204723
19/06/2015;243.55;-0.021608412
20/06/2015;245.26;0.006996612
21/06/2015;244.01;-0.005109664
22/06/2015;246.77;0.011247521
23/06/2015;243.99;-0.011329488
24/06/2015;240.22;-0.015572071
25/06/2015;242.42;0.009116589
26/06/2015;242.64;0.000907104
27/06/2015;250.71;0.032718029
28/06/2015;248.07;-0.010585928
29/06/2015;256.49;0.033378713
30/06/2015;262.48;0.023085211
01/07/2015;257.66;-0.018534002
02/07/2015;254.35;-0.012929615
03/07/2015;255.6;0.004902451
04/07/2015;260.35;0.018413157
05/07/2015;271.02;0.040165739
06/07/2015;268.49;-0.00937895
07/07/2015;264.96;-0.013234798
08/07/2015;269.65;0.017545951
09/07/2015;268.11;-0.005727478
10/07/2015;283.88;0.05715427
11/07/2015;291.69;0.027139981
12/07/2015;309.98;0.060816185
13/07/2015;290.88;-0.063596968
14/07/2015;286.19;-0.016254885
15/07/2015;283.82;-0.008315692
16/07/2015;277.83;-0.021330819
17/07/2015;278.49;0.002372736
18/07/2015;274.49;-0.014467322
19/07/2015;272.49;-0.007312914
20/07/2015;278.41;0.021492931
21/07/2015;275.1;-0.011960179
22/07/2015;276.62;0.005510055
23/07/2015;275.63;-0.003585337
24/07/2015;287.97;0.043796921
25/07/2015;288.13;0.000555459
26/07/2015;291.64;0.012108398
27/07/2015;292.73;0.003730518
28/07/2015;293.79;0.003614544
29/07/2015;288.77;-0.017234703
30/07/2015;287.29;-0.005138365
31/07/2015;283.94;-0.01172921
01/08/2015;280.04;-0.013830498
02/08/2015;281.65;0.005732715
03/08/2015;280.48;-0.004162744
04/08/2015;284.5;0.014230832
05/08/2015;281.38;-0.011027185
06/08/2015;278.25;-0.011186079
07/08/2015;279.03;0.002799313
08/08/2015;260.2;-0.069868737
09/08/2015;264.44;0.016163816
10/08/2015;263.76;-0.002574784
11/08/2015;270.92;0.026783976
12/08/2015;265.64;-0.019681566
13/08/2015;263.34;-0.008696036
14/08/2015;264.87;0.005793167
15/08/2015;260.73;-0.01575375
16/08/2015;257.67;-0.011805693
17/08/2015;256.98;-0.002681436
18/08/2015;219;-0.159926531
19/08/2015;225.39;0.028760505
20/08/2015;234.69;0.040433259
21/08/2015;231.94;-0.011786777
22/08/2015;229.74;-0.009530483
23/08/2015;227.59;-0.00940247
24/08/2015;209.13;-0.084589696
25/08/2015;221.71;0.058414153
26/08/2015;225.38;0.016417645
27/08/2015;224.26;-0.004981773
28/08/2015;230.98;0.029525034
29/08/2015;229.76;-0.005295841
30/08/2015;228.61;-0.005017791
31/08/2015;230.02;0.006148767
01/09/2015;227.35;-0.011675581
02/09/2015;228.86;0.006619783
03/09/2015;226.76;-0.009218273
04/09/2015;230.09;0.014578347
05/09/2015;234.68;0.019752347
06/09/2015;239.44;0.020079979
07/09/2015;240.02;0.00241939
08/09/2015;243.55;0.014600007
09/09/2015;238.29;-0.021833841
10/09/2015;238.59;0.001258178
11/09/2015;240.08;0.006225603
12/09/2015;234.82;-0.022152938
13/09/2015;230.33;-0.0193062
14/09/2015;230.24;-0.00039082
15/09/2015;229.92;-0.001390821
16/09/2015;228.8;-0.004883163
17/09/2015;232.79;0.0172885
18/09/2015;232.72;-0.000300745
19/09/2015;231.24;-0.006379882
20/09/2015;230.86;-0.001644666
21/09/2015;226.61;-0.018580988
22/09/2015;230.52;0.017107148
23/09/2015;229.96;-0.002432246
24/09/2015;234.28;0.0186116
25/09/2015;234.84;0.00238745
26/09/2015;234.21;-0.002686282
27/09/2015;232.85;-0.005823679
28/09/2015;239.34;0.027490666
29/09/2015;236.62;-0.011429656
30/09/2015;236.25;-0.001564912
01/10/2015;237.57;0.005571751
02/10/2015;237.4;-0.000715835
03/10/2015;239.09;0.007093568
04/10/2015;238.69;-0.001674411
05/10/2015;240.59;0.007928601
06/10/2015;246.42;0.023943157
07/10/2015;243.27;-0.01286546
08/10/2015;242.69;-0.002387029
09/10/2015;244.32;0.006693933
10/10/2015;245.33;0.004125402
11/10/2015;247.53;0.008927544
12/10/2015;245.59;-0.007868308
13/10/2015;249.94;0.01755741
14/10/2015;252.59;0.010546732
15/10/2015;254.81;0.008750549
16/10/2015;262.94;0.0314077
17/10/2015;271.2;0.030930687
18/10/2015;262.9;-0.031082824
19/10/2015;264.42;0.005765016
20/10/2015;270.22;0.021697694
21/10/2015;267.33;-0.010752592
22/10/2015;274.41;0.026139488
23/10/2015;277.46;0.01105344
24/10/2015;282.66;0.018567983
25/10/2015;283.07;0.001449455
26/10/2015;286.13;0.010752036
27/10/2015;294.4;0.028493134
28/10/2015;303.89;0.031726407
29/10/2015;313.59;0.031420606
30/10/2015;326;0.038810981
31/10/2015;312.43;-0.042516937
01/11/2015;325.08;0.039690862
02/11/2015;359.35;0.100225538
03/11/2015;400.71;0.10894113
04/11/2015;408.74;0.019841283
05/11/2015;387.51;-0.053337602
06/11/2015;374.95;-0.032948971
07/11/2015;384.8;0.025931035
08/11/2015;373.49;-0.029832488
09/11/2015;380.04;0.01738528
10/11/2015;337.93;-0.117437737
11/11/2015;312.58;-0.077978337
12/11/2015;336.86;0.074806977
13/11/2015;337.29;0.001275681
14/11/2015;333.55;-0.011150315
15/11/2015;319.93;-0.041690557
16/11/2015;331.59;0.035797044
17/11/2015;335.77;0.012527136
18/11/2015;334.97;-0.002385426
19/11/2015;326.31;-0.026193126
20/11/2015;321.99;-0.013327361
21/11/2015;327.17;0.015959424
22/11/2015;324.34;-0.008687565
23/11/2015;323.26;-0.003335395
24/11/2015;320.16;-0.009636082
25/11/2015;328.98;0.027176088
26/11/2015;353.3;0.071320596
27/11/2015;358.18;0.013718099
28/11/2015;357.66;-0.001452839
29/11/2015;371.86;0.038934625
30/11/2015;376.91;0.013488993
01/12/2015;362.73;-0.038347676
02/12/2015;359.43;-0.009139313
03/12/2015;361.31;0.005216872
04/12/2015;363.48;0.005987959
05/12/2015;388.86;0.067495107
06/12/2015;388.46;-0.001029177
07/12/2015;395.86;0.018870409
08/12/2015;418.14;0.054755691
09/12/2015;418.04;-0.000239183
10/12/2015;415.25;-0.006696373
11/12/2015;453.9;0.088996161
12/12/2015;435.9;-0.04046405
13/12/2015;433.54;-0.005428795
14/12/2015;443.84;0.023480073
15/12/2015;465.5;0.04764796
16/12/2015;455.37;-0.022001821
17/12/2015;455.99;0.001360604
18/12/2015;463.84;0.017068786
19/12/2015;462.23;-0.003477062
20/12/2015;442.5;-0.043622138
21/12/2015;437.76;-0.010769649
22/12/2015;435.5;-0.005176019
23/12/2015;442.84;0.016713735
24/12/2015;454.85;0.026759163
25/12/2015;455.31;0.001010811
26/12/2015;417.22;-0.087364845
27/12/2015;422.52;0.012623122
28/12/2015;421.26;-0.002986563
29/12/2015;432.62;0.026609524
30/12/2015;426.14;-0.015091814
31/12/2015;430.05;0.00913355
01/01/2016;434.46;0.0102024
02/01/2016;433.59;-0.002004493
03/01/2016;430.36;-0.007477319
04/01/2016;433.49;0.00724666
05/01/2016;432.25;-0.002864603
06/01/2016;429.46;-0.006475519
07/01/2016;458.28;0.064951745
08/01/2016;453.37;-0.010771782
09/01/2016;449.14;-0.009373926
10/01/2016;448.96;-0.000400846
11/01/2016;448.38;-0.00129271
12/01/2016;432.88;-0.035180534
13/01/2016;432.04;-0.001942377
14/01/2016;429.73;-0.005361072
15/01/2016;358.77;-0.18047559
16/01/2016;387.66;0.077447152
17/01/2016;380.21;-0.019404935
18/01/2016;385.84;0.014699044
19/01/2016;377.74;-0.021216647
20/01/2016;418.74;0.103044074
21/01/2016;409.94;-0.021239395
22/01/2016;381.76;-0.071218669
23/01/2016;386.19;0.011537337
24/01/2016;402.61;0.041638875
25/01/2016;390.66;-0.030130735
26/01/2016;391.43;0.001969083
27/01/2016;394.63;0.008141917
28/01/2016;379.38;-0.039410276
29/01/2016;378.2;-0.003115185
30/01/2016;376.94;-0.003337133
31/01/2016;367.13;-0.026370015
01/02/2016;371.25;0.011159681
02/02/2016;372.88;0.004380962
03/02/2016;368.93;-0.010649728
04/02/2016;388.61;0.051969346
05/02/2016;385.34;-0.008450209
06/02/2016;375.4;-0.026133937
07/02/2016;375.28;-0.00031971
08/02/2016;371.1;-0.011200846
09/02/2016;373.32;0.005964393
10/02/2016;379.96;0.017630023
11/02/2016;377.72;-0.005912804
12/02/2016;383.13;0.014221177
13/02/2016;392.18;0.023346561
14/02/2016;406.74;0.036453243
15/02/2016;399.48;-0.018010459
16/02/2016;407.36;0.019533614
17/02/2016;415.56;0.019929693
18/02/2016;421.64;0.014524861
19/02/2016;420.33;-0.003111752
20/02/2016;436.52;0.037794076
21/02/2016;438.98;0.005619661
22/02/2016;438.07;-0.002075139
23/02/2016;419.98;-0.042171624
24/02/2016;424.36;0.01037506
25/02/2016;423.52;-0.001981413
26/02/2016;432.06;0.019963729
27/02/2016;432.14;0.000185142
28/02/2016;432.64;0.001156364
29/02/2016;436.61;0.009134375
01/03/2016;433.64;-0.006825651
02/03/2016;421.6;-0.0281577
03/03/2016;419.47;-0.005064988
04/03/2016;407.98;-0.027773856
05/03/2016;397.83;-0.025193375
06/03/2016;404.55;0.01675056
07/03/2016;412.98;0.020623827
08/03/2016;411.76;-0.00295851
09/03/2016;412.62;0.002086417
10/03/2016;416.16;0.008542729
11/03/2016;419.89;0.008922971
12/03/2016;410.13;-0.02351859
13/03/2016;412.29;0.005252803
14/03/2016;415.09;0.006768379
15/03/2016;415.38;0.0006984
16/03/2016;416.25;0.002092277
17/03/2016;418.45;0.005271367
18/03/2016;408.04;-0.0251922
19/03/2016;408.52;0.001175664
20/03/2016;410.75;0.005443884
21/03/2016;411.42;0.001629834
22/03/2016;416.93;0.013303751
23/03/2016;417.39;0.001102695
24/03/2016;414.34;-0.007334144
25/03/2016;415.69;0.003252897
26/03/2016;416.73;0.00249874
27/03/2016;425.38;0.020544357
28/03/2016;422.76;-0.006178245
29/03/2016;415.55;-0.017201698
30/03/2016;412.69;-0.006906238
31/03/2016;415.16;0.005967282
01/04/2016;417.01;0.004446214
02/04/2016;419.69;0.006406141
03/04/2016;419.38;-0.000738913
04/04/2016;419.42;9.54E-05
05/04/2016;422.65;0.007671609
06/04/2016;421.7;-0.002250253
07/04/2016;421.2;-0.00118638
08/04/2016;418.09;-0.00741106
09/04/2016;418.42;0.000788992
10/04/2016;421.11;0.006408369
11/04/2016;422.99;0.004454456
12/04/2016;425.99;0.007067334
13/04/2016;424.4;-0.003739465
14/04/2016;425.11;0.001671552
15/04/2016;429.98;0.011390737
16/04/2016;430.84;0.001998096
17/04/2016;427.86;-0.006940752
18/04/2016;429.05;0.002777423
19/04/2016;436.1;0.016298113
20/04/2016;442.16;0.013800233
21/04/2016;451.1;0.020017237
22/04/2016;447.64;-0.007699706
23/04/2016;452.58;0.010975205
24/04/2016;460.33;0.01697908
25/04/2016;462.51;0.004724555
26/04/2016;467.8;0.011372676
27/04/2016;445.01;-0.0499441
28/04/2016;449.86;0.010839669
29/04/2016;456.35;0.014323636
30/04/2016;449.33;-0.015502475
01/05/2016;453.04;0.008222837
02/05/2016;444.51;-0.01900787
03/05/2016;450.27;0.012874851
04/05/2016;446.96;-0.007378298
05/05/2016;448.53;0.003506464
06/05/2016;460.37;0.026054945
07/05/2016;459.46;-0.001978627
08/05/2016;459.44;-4.35E-05
09/05/2016;461.49;0.004452029
10/05/2016;450.99;-0.023015219
11/05/2016;452.11;0.002480347
12/05/2016;454.82;0.005976223
13/05/2016;455.73;0.001998793
14/05/2016;455.75;4.39E-05
15/05/2016;457.85;0.004597206
16/05/2016;453.41;-0.009744826
17/05/2016;452.75;-0.001456697
18/05/2016;453.38;0.001390529
19/05/2016;436.73;-0.037415471
20/05/2016;442.95;0.014141742
21/05/2016;443.13;0.000406284
22/05/2016;438.77;-0.009887823
23/05/2016;443.73;0.011240912
24/05/2016;445.13;0.003150105
25/05/2016;449.23;0.009168632
26/05/2016;453.82;0.010165638
27/05/2016;473.47;0.042387909
28/05/2016;525.43;0.104128422
29/05/2016;524.08;-0.002572631
30/05/2016;532.59;0.016107553
31/05/2016;531.8;-0.001484419
01/06/2016;536.42;0.008649958
02/06/2016;538.14;0.003201313
03/06/2016;570.47;0.058341833
04/06/2016;573.45;0.005210166
05/06/2016;574.11;0.001150267
06/06/2016;585.53;0.019696404
07/06/2016;577.86;-0.013185795
08/06/2016;583.1;0.009027073
09/06/2016;576.45;-0.011470093
10/06/2016;579.13;0.004638372
11/06/2016;611.78;0.054845763
12/06/2016;675.34;0.098843527
13/06/2016;705.62;0.043860581
14/06/2016;685.99;-0.028213799
15/06/2016;696.32;0.014946274
16/06/2016;768.24;0.09829286
17/06/2016;747.55;-0.027300992
18/06/2016;755.68;0.010816813
19/06/2016;764.04;0.011002138
20/06/2016;727.95;-0.048387779
21/06/2016;665.88;-0.08912289
22/06/2016;602.89;-0.099374715
23/06/2016;625.49;0.036800584
24/06/2016;665.16;0.061492271
25/06/2016;665.33;0.000255545
26/06/2016;630.25;-0.054166592
27/06/2016;658.4;0.043696083
28/06/2016;646.3;-0.018548857
29/06/2016;639.08;-0.01123415
30/06/2016;672.48;0.050942729
01/07/2016;676.52;0.00598964
02/07/2016;703.69;0.039375907
03/07/2016;659.69;-0.064567891
04/07/2016;681.63;0.032716961
05/07/2016;668.09;-0.020064094
06/07/2016;676.11;0.01193289
07/07/2016;639.76;-0.055262679
08/07/2016;664.74;0.038302881
09/07/2016;650.63;-0.021454863
10/07/2016;649.96;-0.001030302
11/07/2016;649.03;-0.001431882
12/07/2016;664.84;0.02406747
13/07/2016;653.93;-0.016546098
14/07/2016;659.64;0.00869392
15/07/2016;664.88;0.007912342
16/07/2016;663.54;-0.002017435
17/07/2016;679.05;0.023105624
18/07/2016;673.59;-0.008073145
19/07/2016;673.84;0.000371077
20/07/2016;666.18;-0.01143279
21/07/2016;665.1;-0.001622499
22/07/2016;650.82;-0.021704299
23/07/2016;654.86;0.006188366
24/07/2016;661.05;0.009408008
25/07/2016;655.13;-0.008995791
26/07/2016;651.08;-0.006201167
27/07/2016;655.44;0.006674243
28/07/2016;655.63;0.00028984
29/07/2016;656.67;0.001585004
30/07/2016;654.98;-0.002576908
31/07/2016;625.88;-0.045446041
01/08/2016;607.37;-0.030020499
02/08/2016;552.82;-0.094105709
03/08/2016;565.26;0.022253351
04/08/2016;578.32;0.022841546
05/08/2016;574.96;-0.005826876
06/08/2016;588.42;0.023140505
07/08/2016;592.78;0.007382357
08/08/2016;590.62;-0.003650503
09/08/2016;584.76;-0.009971326
10/08/2016;592.89;0.013807378
11/08/2016;586.52;-0.010802116
12/08/2016;586.03;-0.000835785
13/08/2016;585.08;-0.001622393
14/08/2016;571.44;-0.023589099
15/08/2016;567.2;-0.007447516
16/08/2016;576.25;0.015829619
17/08/2016;571.74;-0.007857252
18/08/2016;572.5;0.001328393
19/08/2016;573.66;0.002024151
20/08/2016;580.7;0.012197386
21/08/2016;580.69;-1.72E-05
22/08/2016;584.73;0.006933151
23/08/2016;581.28;-0.005917634
24/08/2016;577.99;-0.005676001
25/08/2016;575.73;-0.003917767
26/08/2016;578.16;0.004211846
27/08/2016;568.67;-0.016550346
28/08/2016;573.55;0.008544816
29/08/2016;572.36;-0.002076953
30/08/2016;576;0.006339497
31/08/2016;572.33;-0.006391913
01/09/2016;571.69;-0.001118862
02/09/2016;574.15;0.0042938
03/09/2016;598.38;0.041335317
04/09/2016;608.92;0.017460893
05/09/2016;606.03;-0.004757406
06/09/2016;611.07;0.008282029
07/09/2016;614.79;0.006069227
08/09/2016;624.95;0.0163909
09/09/2016;621.8;-0.005053149
10/09/2016;622.21;0.000659159
11/09/2016;605.81;-0.026711251
12/09/2016;606.31;0.000825001
13/09/2016;606.92;0.00100558
14/09/2016;608.22;0.002139672
15/09/2016;605.21;-0.004961153
16/09/2016;606.33;0.001848887
17/09/2016;605.29;-0.00171671
18/09/2016;608.7;0.005617853
19/09/2016;608.53;-0.000279323
20/09/2016;599.47;-0.015000281
21/09/2016;595.8;-0.006140891
22/09/2016;595.03;-0.001293216
23/09/2016;601.71;0.011163777
24/09/2016;601.34;-0.000615103
25/09/2016;599.18;-0.003598445
26/09/2016;606.81;0.012653673
27/09/2016;604.76;-0.003384042
28/09/2016;603.52;-0.002052505
29/09/2016;605.06;0.002548447
30/09/2016;608.44;0.005570678
01/10/2016;613.93;0.008982611
